{"global_step": 1015808, "_timestamp": 1679380525.316296, "rollout/ep_len_mean": 79.37000274658203, "rollout/ep_rew_mean": 0.26019999384880066, "time/fps": 982.0, "_runtime": 1041.1704151630402, "_step": 30, "train/approx_kl": 0.02246711589396, "train/clip_fraction": 0.253976434469223, "train/clip_range": 0.20000000298023224, "train/entropy_loss": -2.2997069358825684, "train/explained_variance": 0.6249218583106995, "train/learning_rate": 0.0003000000142492354, "train/loss": -0.044843316078186035, "train/policy_gradient_loss": -0.026137569919228554, "train/value_loss": 0.0016196205979213119, "_wandb": {"runtime": 1066}}