{"acc": 0.7916693971177842, "loss": 0.1837996750247471, "_timestamp": 1679093660.6452873, "_runtime": 0.8629472255706787, "_step": 7, "_wandb": {"runtime": 0}}