{"global_step": 3014656, "_timestamp": 1686546437.701983, "rollout/ep_len_mean": 11.489999771118164, "rollout/ep_rew_mean": 0.8068417310714722, "time/fps": 818.0, "_runtime": 3688.898491859436, "_step": 183, "train/approx_kl": 0.029590701684355736, "train/clip_fraction": 0.13013306260108948, "train/clip_range": 0.20000000298023224, "train/entropy_loss": -0.47561392188072205, "train/explained_variance": 0.7405080199241638, "train/learning_rate": 0.0003000000142492354, "train/loss": -0.04505269601941109, "train/policy_gradient_loss": -0.016686389222741127, "train/value_loss": 0.0004903014632873237, "_wandb": {"runtime": 3701}}