{"global_step": 3014656, "_timestamp": 1686569186.3841505, "rollout/ep_len_mean": 14.670000076293945, "rollout/ep_rew_mean": 0.5589475035667419, "time/fps": 813.0, "_runtime": 3713.486702442169, "_step": 183, "train/approx_kl": 0.04550473764538765, "train/clip_fraction": 0.265380859375, "train/clip_range": 0.20000000298023224, "train/entropy_loss": -0.883205235004425, "train/explained_variance": 0.604576051235199, "train/learning_rate": 0.0003000000142492354, "train/loss": -0.055173780769109726, "train/policy_gradient_loss": -0.031378988176584244, "train/value_loss": 0.0007760923472233117, "_wandb": {"runtime": 3724}}