{"global_step": 32768, "_timestamp": 1679371283.2664385, "time/fps": 4851.0, "_runtime": 14.067665576934814, "_step": 0, "_wandb": {"runtime": 37}}