{"global_step": 3014656, "_timestamp": 1686572548.9607506, "rollout/ep_len_mean": 10.489999771118164, "rollout/ep_rew_mean": 0.9473680257797241, "time/fps": 905.0, "_runtime": 3336.5538635253906, "_step": 183, "train/approx_kl": 0.028017595410346985, "train/clip_fraction": 0.23414306342601776, "train/clip_range": 0.20000000298023224, "train/entropy_loss": -0.524395227432251, "train/explained_variance": 0.7747930884361267, "train/learning_rate": 0.0003000000142492354, "train/loss": -0.007698083762079477, "train/policy_gradient_loss": -0.021916523575782776, "train/value_loss": 0.00023155884991865605, "_wandb": {"runtime": 3347}}