{"global_step": 16384, "_timestamp": 1686378587.3883018, "time/fps": 3138.0, "_runtime": 12.399388790130615, "_step": 0, "_wandb": {"runtime": 23}}