{"global_step": 6029312, "_timestamp": 1682403481.3487437, "rollout/ep_len_mean": 290.989990234375, "rollout/ep_rew_mean": -0.4300000071525574, "time/fps": 1011.0, "_runtime": 5968.661688566208, "_step": 183, "train/approx_kl": 0.019251801073551178, "train/clip_fraction": 0.10933227837085724, "train/clip_range": 0.20000000298023224, "train/entropy_loss": -0.4772815704345703, "train/explained_variance": 0.9400964975357056, "train/learning_rate": 0.0003000000142492354, "train/loss": 6.279571056365967, "train/policy_gradient_loss": -0.00931911263614893, "train/value_loss": 1.7363438606262207, "_wandb": {"runtime": 5993}}