{"global_step": 3014656, "_timestamp": 1686554573.2085445, "rollout/ep_len_mean": 11.0, "rollout/ep_rew_mean": 0.4571051299571991, "time/fps": 714.0, "_runtime": 4229.72119641304, "_step": 183, "train/approx_kl": 0.02246125601232052, "train/clip_fraction": 0.17413941025733948, "train/clip_range": 0.20000000298023224, "train/entropy_loss": -1.0434125661849976, "train/explained_variance": 0.8682501912117004, "train/learning_rate": 0.0003000000142492354, "train/loss": -0.006999041419476271, "train/policy_gradient_loss": -0.013194935396313667, "train/value_loss": 4.3524902139324695e-05, "_wandb": {"runtime": 4241}}