{"global_step": 16384, "_timestamp": 1686353696.2385347, "time/fps": 3070.0, "_runtime": 13.062270641326904, "_step": 0, "_wandb": {"runtime": 24}}