{"global_step": 3014656, "_timestamp": 1686591395.167757, "rollout/ep_len_mean": 13.199999809265137, "rollout/ep_rew_mean": 0.8144732713699341, "time/fps": 821.0, "_runtime": 3677.844780921936, "_step": 183, "train/approx_kl": 0.02219291217625141, "train/clip_fraction": 0.10848388820886612, "train/clip_range": 0.20000000298023224, "train/entropy_loss": -0.8534492254257202, "train/explained_variance": 0.9409806728363037, "train/learning_rate": 0.0003000000142492354, "train/loss": -0.01607380621135235, "train/policy_gradient_loss": -0.006655040662735701, "train/value_loss": 3.4006396163022146e-05, "_wandb": {"runtime": 3689}}