{"global_step": 4030464, "_timestamp": 1679620784.7146173, "rollout/ep_len_mean": 23.270000457763672, "rollout/ep_rew_mean": -1.7200000286102295, "time/fps": 1003.0, "_runtime": 4021.2449822425842, "_step": 122, "train/approx_kl": 0.02942720428109169, "train/clip_fraction": 0.22279663383960724, "train/clip_range": 0.20000000298023224, "train/entropy_loss": -1.0009875297546387, "train/explained_variance": 0.7327799797058105, "train/learning_rate": 0.0003000000142492354, "train/loss": 1.6522952318191528, "train/policy_gradient_loss": -0.02291805110871792, "train/value_loss": 1.8133320808410645, "_wandb": {"runtime": 4045}}