{"global_step": 26624, "_timestamp": 1679093976.9445148, "rollout/ep_len_mean": 191.75, "rollout/ep_rew_mean": 191.75, "time/fps": 714.0, "_runtime": 40.161972761154175, "_step": 12, "train/approx_kl": 0.002150923013687134, "train/clip_fraction": 0.007128906436264515, "train/clip_range": 0.20000000298023224, "train/entropy_loss": -0.5504513382911682, "train/explained_variance": 0.6611086130142212, "train/learning_rate": 0.0003000000142492354, "train/loss": 30.478883743286133, "train/policy_gradient_loss": -0.0026198665145784616, "train/value_loss": 35.803443908691406, "_wandb": {"runtime": 39}}