{"global_step": 8028160, "_timestamp": 1679676921.1334763, "rollout/ep_len_mean": 453.94000244140625, "rollout/ep_rew_mean": -0.6449750065803528, "time/fps": 1064.0, "_runtime": 7547.2755382061005, "_step": 244, "train/approx_kl": 0.03597584366798401, "train/clip_fraction": 0.22376708686351776, "train/clip_range": 0.20000000298023224, "train/entropy_loss": -0.9911674857139587, "train/explained_variance": 0.9540969133377075, "train/learning_rate": 0.0003000000142492354, "train/loss": -0.013680929318070412, "train/policy_gradient_loss": -0.018607566133141518, "train/value_loss": 4.172577246208675e-05, "_wandb": {"runtime": 7571}}