{"global_step": 3014656, "_timestamp": 1686579845.1629517, "rollout/ep_len_mean": 10.84000015258789, "rollout/ep_rew_mean": 0.7776318192481995, "time/fps": 812.0, "_runtime": 3714.713824748993, "_step": 183, "train/approx_kl": 0.03247086703777313, "train/clip_fraction": 0.21378783881664276, "train/clip_range": 0.20000000298023224, "train/entropy_loss": -0.5459386706352234, "train/explained_variance": 0.6492208242416382, "train/learning_rate": 0.0003000000142492354, "train/loss": -0.01524231769144535, "train/policy_gradient_loss": -0.024657171219587326, "train/value_loss": 0.0023660778533667326, "_wandb": {"runtime": 3726}}