{"global_step": 16384, "_timestamp": 1686378694.803632, "time/fps": 1825.0, "_runtime": 14.86626410484314, "_step": 0, "_wandb": {"runtime": 26}}