{"global_step": 1015808, "_timestamp": 1686416702.676774, "rollout/ep_len_mean": 10.109999656677246, "rollout/ep_rew_mean": 0.9473680257797241, "time/fps": 911.0, "_runtime": 1121.4352540969849, "_step": 61, "train/approx_kl": 0.028642041608691216, "train/clip_fraction": 0.1256103515625, "train/clip_range": 0.20000000298023224, "train/entropy_loss": -0.5693984627723694, "train/explained_variance": 0.7671828866004944, "train/learning_rate": 0.0003000000142492354, "train/loss": -0.024447603151202202, "train/policy_gradient_loss": -0.0034028070513159037, "train/value_loss": 0.0002426263235975057, "_wandb": {"runtime": 1133}}