{"global_step": 16384, "_timestamp": 1686340749.0284495, "rollout/ep_len_mean": 105.4000015258789, "rollout/ep_rew_mean": 0.1676921844482422, "time/fps": 2231.0, "_runtime": 15.147400617599487, "_step": 0, "_wandb": {"runtime": 27}}