{"global_step": 16384, "_timestamp": 1686378620.8226466, "time/fps": 2715.0, "_runtime": 11.924187660217285, "_step": 0, "_wandb": {"runtime": 22}}