{"global_step": 2031616, "_timestamp": 1680626086.6526082, "rollout/ep_len_mean": 470.739990234375, "rollout/ep_rew_mean": -6.6529998779296875, "time/fps": 1055.0, "_runtime": 1931.7544090747833, "_step": 61, "train/approx_kl": 0.04628334939479828, "train/clip_fraction": 0.23809814453125, "train/clip_range": 0.20000000298023224, "train/entropy_loss": -0.9874191284179688, "train/explained_variance": 0.9645825028419495, "train/learning_rate": 0.0003000000142492354, "train/loss": -0.0629497841000557, "train/policy_gradient_loss": -0.016403378918766975, "train/value_loss": 0.0014330069534480572, "_wandb": {"runtime": 1956}}