{"global_step": 212992, "_timestamp": 1686340206.9885302, "rollout/ep_len_mean": 41.40999984741211, "rollout/ep_rew_mean": 0.24969999492168427, "time/fps": 840.0, "_runtime": 271.45346117019653, "_step": 12, "train/approx_kl": 0.018384329974651337, "train/clip_fraction": 0.22969360649585724, "train/clip_range": 0.20000000298023224, "train/entropy_loss": -2.540065050125122, "train/explained_variance": 0.687181830406189, "train/learning_rate": 0.0003000000142492354, "train/loss": -0.022875597700476646, "train/policy_gradient_loss": -0.019995758309960365, "train/value_loss": 0.0009138674940913916}