{"global_step": 6029312, "_timestamp": 1680594099.5949683, "rollout/ep_len_mean": 183.69000244140625, "rollout/ep_rew_mean": 0.23919999599456787, "time/fps": 1030.0, "_runtime": 5861.797625303268, "_step": 183, "train/approx_kl": 0.07360218465328217, "train/clip_fraction": 0.35003358125686646, "train/clip_range": 0.20000000298023224, "train/entropy_loss": -0.9898629188537598, "train/explained_variance": 0.9082003235816956, "train/learning_rate": 0.0003000000142492354, "train/loss": -0.05056385695934296, "train/policy_gradient_loss": -0.03506647050380707, "train/value_loss": 0.000154254084918648, "_wandb": {"runtime": 5886}}