{"global_step": 8028160, "_timestamp": 1679391860.8054233, "rollout/ep_len_mean": 12.880000114440918, "rollout/ep_rew_mean": 0.8273000121116638, "time/fps": 1090.0, "_runtime": 7366.588645219803, "_step": 244, "train/approx_kl": 0.01912703365087509, "train/clip_fraction": 0.13325805962085724, "train/clip_range": 0.20000000298023224, "train/entropy_loss": -0.4648367762565613, "train/explained_variance": 0.7692511081695557, "train/learning_rate": 0.0003000000142492354, "train/loss": -0.0367145873606205, "train/policy_gradient_loss": -0.012342609465122223, "train/value_loss": 0.002937368815764785, "_wandb": {"runtime": 7389}}