{"global_step": 1015808, "_timestamp": 1679375192.80593, "rollout/ep_len_mean": 74.18000030517578, "rollout/ep_rew_mean": 27.100000381469727, "time/fps": 1033.0, "_runtime": 990.9913618564606, "_step": 30, "train/approx_kl": 0.019909534603357315, "train/clip_fraction": 0.214752197265625, "train/clip_range": 0.20000000298023224, "train/entropy_loss": -2.331982374191284, "train/explained_variance": 0.6630319356918335, "train/learning_rate": 0.0003000000142492354, "train/loss": 0.9765772819519043, "train/policy_gradient_loss": -0.0211037490516901, "train/value_loss": 9.835144996643066, "_wandb": {"runtime": 1015}}