{"global_step": 4030464, "_timestamp": 1679551074.645768, "rollout/ep_len_mean": 37.029998779296875, "rollout/ep_rew_mean": 0.6827999949455261, "time/fps": 1020.0, "_runtime": 3954.3880088329315, "_step": 122, "train/approx_kl": 0.04639410600066185, "train/clip_fraction": 0.24813537299633026, "train/clip_range": 0.20000000298023224, "train/entropy_loss": -0.799780011177063, "train/explained_variance": 0.6108182668685913, "train/learning_rate": 0.0003000000142492354, "train/loss": -0.032120995223522186, "train/policy_gradient_loss": -0.023319095373153687, "train/value_loss": 0.0063600242137908936, "_wandb": {"runtime": 3980}}