{"global_step": 16384, "_timestamp": 1686355522.4587228, "time/fps": 2858.0, "_runtime": 12.276788711547852, "_step": 0, "_wandb": {"runtime": 24}}