{"global_step": 1802240, "_timestamp": 1686421064.8823855, "rollout/ep_len_mean": 11.170000076293945, "rollout/ep_rew_mean": 0.7044735550880432, "time/fps": 716.0, "_runtime": 2524.4163196086884, "_step": 109, "train/approx_kl": 0.04622689634561539, "train/clip_fraction": 0.18366089463233948, "train/clip_range": 0.20000000298023224, "train/entropy_loss": -0.4215508997440338, "train/explained_variance": 0.6196560263633728, "train/learning_rate": 0.0003000000142492354, "train/loss": -0.05350774899125099, "train/policy_gradient_loss": -0.020897815003991127, "train/value_loss": 0.002671679947525263, "_wandb": {"runtime": 2535}}