{"global_step": 6000640, "_timestamp": 1686307156.4933615, "rollout/ep_len_mean": 15.420000076293945, "rollout/ep_rew_mean": 0.32499998807907104, "time/fps": 335.0, "_runtime": 17888.0136885643, "_step": 2929, "train/approx_kl": 0.01689710095524788, "train/clip_fraction": 0.144287109375, "train/clip_range": 0.20000000298023224, "train/entropy_loss": -0.5382888913154602, "train/explained_variance": 0.9972531199455261, "train/learning_rate": 0.0003000000142492354, "train/loss": -0.027468454092741013, "train/policy_gradient_loss": -0.01670140027999878, "train/value_loss": 3.46305398579716e-07, "_wandb": {"runtime": 17889}}