{"global_step": 65536, "_timestamp": 1682397450.3774643, "rollout/ep_len_mean": 127.70999908447266, "rollout/ep_rew_mean": 0.0, "time/fps": 1475.0, "_runtime": 54.94858121871948, "_step": 1, "train/approx_kl": 0.013455688022077084, "train/clip_fraction": 0.12678222358226776, "train/clip_range": 0.20000000298023224, "train/entropy_loss": -2.88154935836792, "train/explained_variance": 0.5581899881362915, "train/learning_rate": 0.0003000000142492354, "train/loss": -0.03396081551909447, "train/policy_gradient_loss": -0.015326722525060177, "train/value_loss": 0.0062829069793224335}