{"global_step": 16384, "_timestamp": 1686378658.28521, "time/fps": 2374.0, "_runtime": 12.79434084892273, "_step": 0, "_wandb": {"runtime": 23}}