{"global_step": 6029312, "_timestamp": 1679558760.462034, "rollout/ep_len_mean": 13.710000038146973, "rollout/ep_rew_mean": 0.8177000284194946, "time/fps": 990.0, "_runtime": 6094.435115098953, "_step": 183, "train/approx_kl": 0.02111802063882351, "train/clip_fraction": 0.1532440185546875, "train/clip_range": 0.20000000298023224, "train/entropy_loss": -0.563495397567749, "train/explained_variance": 0.8292340636253357, "train/learning_rate": 0.0003000000142492354, "train/loss": -0.03269713371992111, "train/policy_gradient_loss": -0.013782963156700134, "train/value_loss": 0.002829390112310648, "_wandb": {"runtime": 6118}}