{"global_step": 3014656, "_timestamp": 1686565446.8595986, "rollout/ep_len_mean": 13.140000343322754, "rollout/ep_rew_mean": 0.6718424558639526, "time/fps": 819.0, "_runtime": 3683.1775057315826, "_step": 183, "train/approx_kl": 0.03953368589282036, "train/clip_fraction": 0.21502074599266052, "train/clip_range": 0.20000000298023224, "train/entropy_loss": -0.5047006607055664, "train/explained_variance": 0.7541840076446533, "train/learning_rate": 0.0003000000142492354, "train/loss": -0.01592620275914669, "train/policy_gradient_loss": -0.024689901620149612, "train/value_loss": 0.0007938537164591253, "_wandb": {"runtime": 3695}}