{"global_step": 1409024, "_timestamp": 1686418512.47519, "rollout/ep_len_mean": 11.59000015258789, "rollout/ep_rew_mean": 0.7839476466178894, "time/fps": 792.0, "_runtime": 1786.1726830005646, "_step": 85, "train/approx_kl": 0.021791771054267883, "train/clip_fraction": 0.20231322944164276, "train/clip_range": 0.20000000298023224, "train/entropy_loss": -0.743355393409729, "train/explained_variance": 0.6519746780395508, "train/learning_rate": 0.0003000000142492354, "train/loss": -0.046895917505025864, "train/policy_gradient_loss": -0.017325730994343758, "train/value_loss": 0.005912031978368759, "_wandb": {"runtime": 1799}}