{"global_step": 1015808, "_timestamp": 1679373229.4840815, "time/fps": 1125.0, "_runtime": 909.261878490448, "_step": 30, "train/approx_kl": 0.01945894956588745, "train/clip_fraction": 0.205780029296875, "train/clip_range": 0.20000000298023224, "train/entropy_loss": -2.3801469802856445, "train/explained_variance": 0.7568089365959167, "train/learning_rate": 0.0003000000142492354, "train/loss": 0.7892763018608093, "train/policy_gradient_loss": -0.023741483688354492, "train/value_loss": 6.881309509277344, "_wandb": {"runtime": 934}}