{"global_step": 3014656, "_timestamp": 1686558169.6523964, "rollout/ep_len_mean": 15.4399995803833, "rollout/ep_rew_mean": 0.7776312232017517, "time/fps": 845.0, "_runtime": 3571.010023355484, "_step": 183, "train/approx_kl": 0.03031112439930439, "train/clip_fraction": 0.15089111030101776, "train/clip_range": 0.20000000298023224, "train/entropy_loss": -0.6289071440696716, "train/explained_variance": 0.9727714657783508, "train/learning_rate": 0.0003000000142492354, "train/loss": -0.04273514822125435, "train/policy_gradient_loss": -0.014312696643173695, "train/value_loss": 2.1311096134013496e-05, "_wandb": {"runtime": 3582}}