{"global_step": 2211840, "_timestamp": 1686386889.288601, "time/fps": 737.0, "_runtime": 3004.26526594162, "_step": 134, "train/approx_kl": 0.05999026447534561, "train/clip_fraction": 0.14672240614891052, "train/clip_range": 0.20000000298023224, "train/entropy_loss": -1.003951072692871, "train/explained_variance": 0.6286159157752991, "train/learning_rate": 0.0003000000142492354, "train/loss": -0.013364603742957115, "train/policy_gradient_loss": -0.023163072764873505, "train/value_loss": 0.0006919977604411542, "_wandb": {"runtime": 3015}}