{"global_step": 4030464, "_timestamp": 1679627167.824624, "rollout/ep_len_mean": 22.700000762939453, "rollout/ep_rew_mean": -0.012799999676644802, "time/fps": 1066.0, "_runtime": 3785.5523800849915, "_step": 122, "train/approx_kl": 0.029359832406044006, "train/clip_fraction": 0.21084900200366974, "train/clip_range": 0.20000000298023224, "train/entropy_loss": -0.8976247310638428, "train/explained_variance": 0.6733803153038025, "train/learning_rate": 0.0003000000142492354, "train/loss": -0.07373916357755661, "train/policy_gradient_loss": -0.026179086416959763, "train/value_loss": 0.00016776620759628713, "_wandb": {"runtime": 3808}}