{"global_step": 32768, "_timestamp": 1679371961.2731328, "time/fps": 4262.0, "_runtime": 13.972744703292847, "_step": 0, "_wandb": {"runtime": 37}}